institution_id,name,city,township,type,status,website_url,website_state,google_maps_url,google_maps_state,facebook_url,facebook_state,tiktok_url,tiktok_state,verified_platform_count,missing_platforms
1,မြန်မာ့စီးပွားရေးစီမံခန့်ခွဲမှုပညာကောလိပ်,Mandalay,ချမ်းအေးသာစံမြို့နယ်,Private College,MOE listed; official web not yet reviewed,https://mcu.edu.mm/,verified,,missing,https://www.facebook.com/MyanmarCommercialCollege/,verified,,missing,2,"google_maps,tiktok"
10,AUSTON College,Mandalay,ချမ်းမြသာစည်မြို့နယ်,Private College,MOE listed; official web not yet reviewed,https://auston.edu.mm/,verified,,missing,https://www.facebook.com/austoncollege/,verified,https://www.tiktok.com/@auston_college,unverified,2,google_maps
100,Canadian International Centre (CIC),Yangon,ဗဟန်းမြို့နယ်,Private Higher Education Centre,MOE listed; official web not yet reviewed,,missing,,missing,,missing,,missing,0,"website,google_maps,facebook,tiktok"
101,Brighter Star International Centre,Yangon,တောင် ဥက္ကလာပမြို့နယ်,Private Higher Education Centre,MOE listed; official web not yet reviewed,,missing,,missing,,missing,,missing,0,"website,google_maps,facebook,tiktok"
102,BRIGHTWAY Language Center,Yangon,ဗဟန်းမြို့နယ်,Private Higher Education Centre,MOE listed; official web not yet reviewed,,missing,,missing,,missing,,missing,0,"website,google_maps,facebook,tiktok"
103,ဖူဂျီစံ ဂျပန်ဘာသာသင်တန်း,Yangon,ဗဟန်းမြို့နယ်,Private Higher Education Centre,MOE listed; official web not yet reviewed,,missing,,missing,,missing,,missing,0,"website,google_maps,facebook,tiktok"
104,EPDA သင်တန်းကျောင်း,Yangon,ဗဟန်းမြို့နယ်,Private Higher Education Centre,MOE listed; official web not yet reviewed,,missing,,missing,,missing,,missing,0,"website,google_maps,facebook,tiktok"
105,Kumon Learning Centre,Yangon,ဗဟန်းမြို့နယ်,Private Higher Education Centre,MOE listed; official web not yet reviewed,,missing,,missing,,missing,,missing,0,"website,google_maps,facebook,tiktok"
106,4UEPS Korean Language Center,Yangon,တောင်ဥက္ကလာပမြို့နယ်,Private Higher Education Centre,MOE listed; official web not yet reviewed,,missing,,missing,,missing,,missing,0,"website,google_maps,facebook,tiktok"
107,NEWTON INTERNATIONAL CENTRE,Yangon,တောင်ဥက္ကလာပ မြို့နယ်,Private Higher Education Centre,MOE listed; official web not yet reviewed,,missing,,missing,,missing,,missing,0,"website,google_maps,facebook,tiktok"
108,T & H Maths Centre,Yangon,ဗဟန်းမြို့နယ်,Private Higher Education Centre,MOE listed; official web not yet reviewed,,missing,,missing,,missing,,missing,0,"website,google_maps,facebook,tiktok"
109,Hello Training Japanese Language Center,Yangon,ဗဟန်းမြို့နယ်,Private Higher Education Centre,MOE listed; official web not yet reviewed,,missing,,missing,,missing,,missing,0,"website,google_maps,facebook,tiktok"
11,iNet College,Mandalay,မဟာအောင်မြေမြို့နယ်,Private College,MOE listed; official web not yet reviewed,https://www.inet.edu.mm/,verified,,missing,https://www.facebook.com/iNetCollegeMyanmar/,verified,https://www.tiktok.com/@inetcollege,verified,3,google_maps
110,KATSUKI GAKUEN Japanese Language Training Centre,Yangon,အင်းစိန်မြို့နယ်,Private Higher Education Centre,MOE listed; official web not yet reviewed,,missing,,missing,,missing,,missing,0,"website,google_maps,facebook,tiktok"
111,ES4E Language and Training Centre,Yangon,သင်္ဃန်းကျွန်းမြို့နယ်,Private Higher Education Centre,MOE listed; official web not yet reviewed,,missing,,missing,,missing,,missing,0,"website,google_maps,facebook,tiktok"
112,EVEREST INTERNATIONAL PRESCHOOL & LEARNING CENTRE,Yangon,တာမွေမြို့နယ်,Private Higher Education Centre,MOE listed; official web not yet reviewed,,missing,,missing,,missing,,missing,0,"website,google_maps,facebook,tiktok"
113,Japan Job School Myanmar (Centre),Yangon,လမ်းမတော်မြို့နယ်,Private Higher Education Centre,MOE listed; official web not yet reviewed,,missing,,missing,,missing,,missing,0,"website,google_maps,facebook,tiktok"
114,J.I.J Japanese Language Center,Yangon,စမ်းချောင်းမြို့နယ်,Private Higher Education Centre,MOE listed; official web not yet reviewed,,missing,,missing,,missing,,missing,0,"website,google_maps,facebook,tiktok"
115,ALPS GIKEN ဂျပန်စာသင်တန်း,Yangon,ကမာရွတ်မြို့နယ်,Private Higher Education Centre,MOE listed; official web not yet reviewed,,missing,,missing,,missing,,missing,0,"website,google_maps,facebook,tiktok"
116,UNIVERSE Vocational School (Centre),Yangon,ကမာရွတ်မြို့နယ်,Private Higher Education Centre,MOE listed; official web not yet reviewed,,missing,,missing,,missing,,missing,0,"website,google_maps,facebook,tiktok"
117,Edulink Myanmar (Centre),Yangon,ကမာရွတ်မြို့နယ်,Private Higher Education Centre,MOE listed; official web not yet reviewed,,missing,,missing,,missing,,missing,0,"website,google_maps,facebook,tiktok"
118,HSU English Learning Centre,Yangon,ဗဟန်းမြို့နယ်,Private Higher Education Centre,MOE listed; official web not yet reviewed,,missing,,missing,,missing,,missing,0,"website,google_maps,facebook,tiktok"
119,RIGHT BRAIN EDUCATION CENTER,Yangon,ဗဟန်းမြို့နယ်,Private Higher Education Centre,MOE listed; official web not yet reviewed,,missing,,missing,,missing,,missing,0,"website,google_maps,facebook,tiktok"
12,Continuous Learning College,Mandalay,မဟာအောင်မြေမြို့နယ်,Private College,MOE listed; official web not yet reviewed,https://clceducollege.com/,verified,,missing,https://www.facebook.com/ContinuousLearningCenter,unverified,,missing,1,"google_maps,tiktok"
120,Myat Kay Khaing English Class Centre,Yangon,(၄)ရပ်ကွက် တောင်ဥက္ကလာပမြို့နယ်,Private Higher Education Centre,MOE listed; official web not yet reviewed,,missing,,missing,,missing,,missing,0,"website,google_maps,facebook,tiktok"
121,GLC( Gandawin Learning Centre) (English),Yangon,ခရမ်းမြို့နယ်,Private Higher Education Centre,MOE listed; official web not yet reviewed,,missing,,missing,,missing,,missing,0,"website,google_maps,facebook,tiktok"
122,UNIVERSE Vocational School (Centre),Yangon,ကမာရွတ်မြို့နယ်,Private Higher Education Centre,MOE listed; official web not yet reviewed,,missing,,missing,,missing,,missing,0,"website,google_maps,facebook,tiktok"
123,MIEA School (Centre),Yangon,ဗဟန်းမြို့နယ်,Private Higher Education Centre,MOE listed; official web not yet reviewed,,missing,,missing,,missing,,missing,0,"website,google_maps,facebook,tiktok"
124,ADVAN Training Centre,Yangon,ဗဟန်းမြို့နယ်,Private Higher Education Centre,MOE listed; official web not yet reviewed,,missing,,missing,,missing,,missing,0,"website,google_maps,facebook,tiktok"
125,Akafuji Vocational Training Center,Yangon,ဗဟန်းမြို့နယ်,Private Higher Education Centre,MOE listed; official web not yet reviewed,,missing,,missing,,missing,,missing,0,"website,google_maps,facebook,tiktok"
126,ASAKAWA ဂျပန်စာသင်တန်းကျောင်း,Yangon,ဗဟန်းမြို့နယ်,Private Higher Education Centre,MOE listed; official web not yet reviewed,,missing,,missing,,missing,,missing,0,"website,google_maps,facebook,tiktok"
127,LIGHT YEAR Education Centre,Yangon,ဗဟန်းမြို့နယ်,Private Higher Education Centre,MOE listed; official web not yet reviewed,,missing,,missing,,missing,,missing,0,"website,google_maps,facebook,tiktok"
128,Ginza Japanese Language Centre,Yangon,ဗဟန်းမြို့နယ်,Private Higher Education Centre,MOE listed; official web not yet reviewed,,missing,,missing,,missing,,missing,0,"website,google_maps,facebook,tiktok"
129,HIS GARDEN MYANMAR CENTRE,Yangon,အင်းစိန်မြို့နယ်,Private Higher Education Centre,MOE listed; official web not yet reviewed,,missing,,missing,,missing,,missing,0,"website,google_maps,facebook,tiktok"
13,New Next College,Mandalay,ချမ်းမြသာစည်မြို့နယ်,Private College,MOE listed; official web not yet reviewed,https://newnextcollege.com/,verified,,missing,,missing,,missing,1,"google_maps,facebook,tiktok"
130,SMART START Education Centre,Yangon,တောင် ဥက္ကလာပမြို့နယ်,Private Higher Education Centre,MOE listed; official web not yet reviewed,,missing,,missing,,missing,,missing,0,"website,google_maps,facebook,tiktok"
131,MAJA Education Centre,Yangon,တောင်ဥက္ကလာပမြို့နယ်,Private Higher Education Centre,MOE listed; official web not yet reviewed,,missing,,missing,,missing,,missing,0,"website,google_maps,facebook,tiktok"
132,ပညာပါရမီ စင်တာ,Yangon,စမ်းချောင်းမြို့နယ်,Private Higher Education Centre,MOE listed; official web not yet reviewed,,missing,,missing,,missing,,missing,0,"website,google_maps,facebook,tiktok"
133,ပညာပါရမီ စင်တာ,Yangon,လှိုင်မြို့နယ်,Private Higher Education Centre,MOE listed; official web not yet reviewed,,missing,,missing,,missing,,missing,0,"website,google_maps,facebook,tiktok"
134,ပညာပါရမီ စင်တာ,Yangon,တာမွေမြို့နယ်,Private Higher Education Centre,MOE listed; official web not yet reviewed,,missing,,missing,,missing,,missing,0,"website,google_maps,facebook,tiktok"
135,တာမွေပညာရေး စင်တာ,Yangon,တာမွေမြို့နယ်,Private Higher Education Centre,MOE listed; official web not yet reviewed,,missing,,missing,,missing,,missing,0,"website,google_maps,facebook,tiktok"
136,SCBI Center (Stanford City Business Institute),Yangon,ဗိုလ်တထောင်မြို့နယ်,Private Higher Education Centre,MOE listed; official web not yet reviewed,,missing,,missing,,missing,,missing,0,"website,google_maps,facebook,tiktok"
137,SCBI Center (English) (Stanford City Business Institute),Yangon,ပန်းပဲတန်းမြို့နယ်,Private Higher Education Centre,MOE listed; official web not yet reviewed,,missing,,missing,,missing,,missing,0,"website,google_maps,facebook,tiktok"
138,Noreen English Language Center,Yangon,ဒဂုံ(မြောက်) မြို့နယ်,Private Higher Education Centre,MOE listed; official web not yet reviewed,,missing,,missing,,missing,,missing,0,"website,google_maps,facebook,tiktok"
139,Noreen English Language Center (1),Yangon,ကြည့်မြင်တိုင်မြို့နယ်,Private Higher Education Centre,MOE listed; official web not yet reviewed,,missing,,missing,,missing,,missing,0,"website,google_maps,facebook,tiktok"
14,Brain Box Acumen School of Management College,Mandalay,ချမ်းမြသာစည်မြို့နယ်,Private College,MOE listed; official web not yet reviewed,https://brainboxacumen.edu.mm/,verified,,missing,https://www.facebook.com/brainboxacumen/,verified,,missing,2,"google_maps,tiktok"
140,Noreen English Language Certer (2),Yangon,ဒဂုံ(မြောက်) မြို့နယ်,Private Higher Education Centre,MOE listed; official web not yet reviewed,,missing,,missing,,missing,,missing,0,"website,google_maps,facebook,tiktok"
141,Future Japanese Education Centre,Yangon,တာမွေမြို့နယ်,Private Higher Education Centre,MOE listed; official web not yet reviewed,,missing,,missing,,missing,,missing,0,"website,google_maps,facebook,tiktok"
142,GLC (Gandawin Language Centre) (English),Yangon,သုံးခွမြို့နယ်,Private Higher Education Centre,MOE listed; official web not yet reviewed,,missing,,missing,,missing,,missing,0,"website,google_maps,facebook,tiktok"
143,Gowoon Korean Language Center,Yangon,သုံးခွမြို့နယ်,Private Higher Education Centre,MOE listed; official web not yet reviewed,,missing,,missing,,missing,,missing,0,"website,google_maps,facebook,tiktok"
144,International School of Management Centre,Yangon,ကျောက်တံတားမြို့နယ်,Private Higher Education Centre,MOE listed; official web not yet reviewed,,missing,,missing,,missing,,missing,0,"website,google_maps,facebook,tiktok"
145,I CAN READ English Language Center (1),Yangon,လမ်းမတော်မြို့နယ်,Private Higher Education Centre,MOE listed; official web not yet reviewed,,missing,,missing,,missing,,missing,0,"website,google_maps,facebook,tiktok"
146,I CAN READ English Language Center(2),Yangon,ဗဟန်းမြို့နယ်,Private Higher Education Centre,MOE listed; official web not yet reviewed,,missing,,missing,,missing,,missing,0,"website,google_maps,facebook,tiktok"
147,Tensai Japanese Language Centre,Yangon,လမ်းမတော်မြို့နယ်,Private Higher Education Centre,MOE listed; official web not yet reviewed,,missing,,missing,,missing,,missing,0,"website,google_maps,facebook,tiktok"
148,HCT Hospitality Career Training Centre,Yangon,လမ်းမတော်မြို့နယ်,Private Higher Education Centre,MOE listed; official web not yet reviewed,,missing,,missing,,missing,,missing,0,"website,google_maps,facebook,tiktok"
149,The Experts English Language Centre,Yangon,ဗိုလ်တထောင်မြို့နယ်,Private Higher Education Centre,MOE listed; official web not yet reviewed,,missing,,missing,,missing,,missing,0,"website,google_maps,facebook,tiktok"
15,AIM International College,Mandalay,မဟာအောင်မြေ မြို့နယ်,Private College,MOE listed; official web not yet reviewed,https://www.aim.edu.mm/,verified,,missing,https://www.facebook.com/AIMMdy/,verified,,missing,2,"google_maps,tiktok"
150,SEC ဘာသာစကား သင်တန်းကျောင်း,Yangon,စမ်းချောင်းမြို့နယ်,Private Higher Education Centre,MOE listed; official web not yet reviewed,,missing,,missing,,missing,,missing,0,"website,google_maps,facebook,tiktok"
151,NMA Centre,Yangon,စမ်းချောင်းမြို့နယ်,Private Higher Education Centre,MOE listed; official web not yet reviewed,,missing,,missing,,missing,,missing,0,"website,google_maps,facebook,tiktok"
152,RMIT Centre,Yangon,စမ်းချောင်းမြို့နယ်,Private Higher Education Centre,MOE listed; official web not yet reviewed,,missing,,missing,,missing,,missing,0,"website,google_maps,facebook,tiktok"
153,Magokoro Japanese Language Center,Yangon,မရမ်းကုန်းမြို့နယ်,Private Higher Education Centre,MOE listed; official web not yet reviewed,,missing,,missing,,missing,,missing,0,"website,google_maps,facebook,tiktok"
154,IKUSEI Japanese Language Center,Yangon,မရမ်းကုန်းမြို့နယ်,Private Higher Education Centre,MOE listed; official web not yet reviewed,,missing,,missing,,missing,,missing,0,"website,google_maps,facebook,tiktok"
155,Success Japanese Language Center,Yangon,ဒေါပုံမြို့နယ်,Private Higher Education Centre,MOE listed; official web not yet reviewed,,missing,,missing,,missing,,missing,0,"website,google_maps,facebook,tiktok"
156,Reiwa Japanese Language School (Centre),Yangon,မြောက်ဥက္ကလာပ မြို့နယ်,Private Higher Education Centre,MOE listed; official web not yet reviewed,,missing,,missing,,missing,,missing,0,"website,google_maps,facebook,tiktok"
157,School of Business & Investment Management (SBIM),Yangon,မင်္ဂလာတောင်ညွှန့်မြို့နယ်,Private Higher Education Centre,MOE listed; official web not yet reviewed,,missing,,missing,,missing,,missing,0,"website,google_maps,facebook,tiktok"
158,Thin Myanmar Japanese Language Centre,Yangon,ကမာရွတ်မြို့နယ်,Private Higher Education Centre,MOE listed; official web not yet reviewed,,missing,,missing,,missing,,missing,0,"website,google_maps,facebook,tiktok"
159,UPIA Centre,Yangon,ကမာရွတ်မြို့နယ်,Private Higher Education Centre,MOE listed; official web not yet reviewed,,missing,,missing,,missing,,missing,0,"website,google_maps,facebook,tiktok"
16,Shining Golden Star Centre (English),Mandalay,အောင်မြေသာစံမြို့နယ်,Private Higher Education Centre,MOE listed; official web not yet reviewed,,missing,,missing,,missing,,missing,0,"website,google_maps,facebook,tiktok"
160,Shizuoka Japanese Language Center,Yangon,ကမာရွတ်မြို့နယ်,Private Higher Education Centre,MOE listed; official web not yet reviewed,,missing,,missing,,missing,,missing,0,"website,google_maps,facebook,tiktok"
161,Izumi Japanese Language Center,Yangon,ပုဇွန်တောင်မြို့နယ်,Private Higher Education Centre,MOE listed; official web not yet reviewed,,missing,,missing,,missing,,missing,0,"website,google_maps,facebook,tiktok"
162,Musashi Japanese Language School (Centre),Yangon,ဗဟန်းမြို့နယ်,Private Higher Education Centre,MOE listed; official web not yet reviewed,,missing,,missing,,missing,,missing,0,"website,google_maps,facebook,tiktok"
163,YUDE Education Center,Yangon,ဗဟန်းမြို့နယ်,Private Higher Education Centre,MOE listed; official web not yet reviewed,,missing,,missing,,missing,,missing,0,"website,google_maps,facebook,tiktok"
164,PAT JAPANESE LANGUAGE & SERVICES CENTRE,Yangon,ဗဟန်းမြို့နယ်,Private Higher Education Centre,MOE listed; official web not yet reviewed,,missing,,missing,,missing,,missing,0,"website,google_maps,facebook,tiktok"
165,GOLDEN EDUCATION SHARING CENTER (G.E.S.C) တရုတ်စာသင်တန်း,Yangon,လှိုင်သာယာမြို့နယ်,Private Higher Education Centre,MOE listed; official web not yet reviewed,,missing,,missing,,missing,,missing,0,"website,google_maps,facebook,tiktok"
166,GOLDEN EDUCATION SHARING CENTER (G.E.S.C) တရုတ်စာသင်တန်း,Yangon,လှိုင်သာယာ(ရှေ့)မြို့နယ်,Private Higher Education Centre,MOE listed; official web not yet reviewed,,missing,,missing,,missing,,missing,0,"website,google_maps,facebook,tiktok"
167,GOLDEN EDUCATION SHARING CENTER (G.E.S.C) တရုတ်စာသင်တန်း,Yangon,တာမွေမြို့နယ်,Private Higher Education Centre,MOE listed; official web not yet reviewed,,missing,,missing,,missing,,missing,0,"website,google_maps,facebook,tiktok"
168,GOLDEN EDUCATION SHARING CENTER (G.E.S.C) တရုတ်စာသင်တန်း,Yangon,ကမာရွတ်မြို့နယ်,Private Higher Education Centre,MOE listed; official web not yet reviewed,,missing,,missing,,missing,,missing,0,"website,google_maps,facebook,tiktok"
169,GOLDEN EDUCATION SHARING CENTER (G.E.S.C) တရုတ်စာသင်တန်း,Yangon,ကမာရွတ်မြို့နယ်,Private Higher Education Centre,MOE listed; official web not yet reviewed,,missing,,missing,,missing,,missing,0,"website,google_maps,facebook,tiktok"
17,HTILA English and Education Centre (HEEC),Mandalay,မိတ္ထီလာမြို့နယ်,Private Higher Education Centre,MOE listed; official web not yet reviewed,,missing,,missing,,missing,,missing,0,"website,google_maps,facebook,tiktok"
170,GOLDEN EDUCATION SHARING CENTER (G.E.S.C) တရုတ်စာသင်တန်း,Yangon,ကမာရွတ်မြို့နယ်,Private Higher Education Centre,MOE listed; official web not yet reviewed,,missing,,missing,,missing,,missing,0,"website,google_maps,facebook,tiktok"
171,GOLDEN EDUCATION SHARING CENTER G.E.S.C တရုတ်စာသင်တန်း (Centre-7),Yangon,ကမာရွတ်မြို့နယ်,Private Higher Education Centre,MOE listed; official web not yet reviewed,,missing,,missing,,missing,,missing,0,"website,google_maps,facebook,tiktok"
172,GOLDEN EDUCATION SHARING CENTER (G.E.S.C) တရုတ်စာသင်တန်း,Yangon,(၁)ရပ်ကွက် ကမာရွတ်မြို့နယ်,Private Higher Education Centre,MOE listed; official web not yet reviewed,,missing,,missing,,missing,,missing,0,"website,google_maps,facebook,tiktok"
173,GOLDEN EDUCATION SHARING CENTER (G.E.S.C) တရုတ်စာသင်တန်း,Yangon,လသာမြို့နယ်,Private Higher Education Centre,MOE listed; official web not yet reviewed,,missing,,missing,,missing,,missing,0,"website,google_maps,facebook,tiktok"
174,G.E.S.C Chinese Language,Yangon,ရွှေပြည်သာမြို့နယ်,Private Higher Education Centre,MOE listed; official web not yet reviewed,,missing,,missing,,missing,,missing,0,"website,google_maps,facebook,tiktok"
175,G.E.S.C တရုတ်စာသင်တန်း,Yangon,မြောက်ဥက္ကလာပမြို့နယ်,Private Higher Education Centre,MOE listed; official web not yet reviewed,,missing,,missing,,missing,,missing,0,"website,google_maps,facebook,tiktok"
176,Labour Asia Training Center,Yangon,ဒဂုံ(မြောက်)မြို့နယ်,Private Higher Education Centre,MOE listed; official web not yet reviewed,,missing,,missing,,missing,,missing,0,"website,google_maps,facebook,tiktok"
177,WIN Japanese Language School (Centre),Yangon,ဗိုလ်တထောင်မြို့နယ်,Private Higher Education Centre,MOE listed; official web not yet reviewed,,missing,,missing,,missing,,missing,0,"website,google_maps,facebook,tiktok"
178,New Peak Education Centre,Yangon,ဒဂုံ (မြောက်)မြို့နယ်,Private Higher Education Centre,MOE listed; official web not yet reviewed,,missing,,missing,,missing,,missing,0,"website,google_maps,facebook,tiktok"
179,K.S.H Japanese Training Centre,Yangon,ဒဂုံမြို့သစ် (အရှေ့ပိုင်း) မြို့နယ်,Private Higher Education Centre,MOE listed; official web not yet reviewed,,missing,,missing,,missing,,missing,0,"website,google_maps,facebook,tiktok"
18,Wall Street English Centre,Mandalay,ချမ်းမြသာစည်မြို့နယ်,Private Higher Education Centre,MOE listed; official web not yet reviewed,,missing,,missing,,missing,,missing,0,"website,google_maps,facebook,tiktok"
180,All Star Education ပုဂ္ဂလိကအဆင့်မြင့်ပညာ ကျောင်း (စင်တာ),Yangon,လမ်းမတော်မြို့နယ်,Private Higher Education Centre,MOE listed; official web not yet reviewed,,missing,,missing,,missing,,missing,0,"website,google_maps,facebook,tiktok"
181,Tr.Thuzar Education Center,Yangon,စမ်းချောင်းမြို့နယ်,Private Higher Education Centre,MOE listed; official web not yet reviewed,,missing,,missing,,missing,,missing,0,"website,google_maps,facebook,tiktok"
182,JKT Japanese Language Centre,Yangon,စမ်းချောင်းမြို့နယ်,Private Higher Education Centre,MOE listed; official web not yet reviewed,,missing,,missing,,missing,,missing,0,"website,google_maps,facebook,tiktok"
183,OHIO Japanese Language Centre,Yangon,စမ်းချောင်းမြို့နယ်,Private Higher Education Centre,MOE listed; official web not yet reviewed,,missing,,missing,,missing,,missing,0,"website,google_maps,facebook,tiktok"
184,JKT Digital Center,Yangon,စမ်းချောင်းမြို့နယ်,Private Higher Education Centre,MOE listed; official web not yet reviewed,,missing,,missing,,missing,,missing,0,"website,google_maps,facebook,tiktok"
185,ACC JAPANESE LANGUAGE CENTRE,Yangon,ကမာရွတ်မြို့နယ်,Private Higher Education Centre,MOE listed; official web not yet reviewed,,missing,,missing,,missing,,missing,0,"website,google_maps,facebook,tiktok"
186,WEBS Education Centre,Yangon,ကမာရွတ်မြို့နယ်,Private Higher Education Centre,MOE listed; official web not yet reviewed,,missing,,missing,,missing,,missing,0,"website,google_maps,facebook,tiktok"
187,KK Korea Language Class,Yangon,ကော့မှူးမြို့နယ်,Private Higher Education Centre,MOE listed; official web not yet reviewed,,missing,,missing,,missing,,missing,0,"website,google_maps,facebook,tiktok"
188,TARO Japanese Language Class,Yangon,ကော့မှူးမြို့နယ်,Private Higher Education Centre,MOE listed; official web not yet reviewed,,missing,,missing,,missing,,missing,0,"website,google_maps,facebook,tiktok"
189,Hein Pyin Nyar Japanese Language Center,Yangon,ကော့မှူးမြို့နယ်,Private Higher Education Centre,MOE listed; official web not yet reviewed,,missing,,missing,,missing,,missing,0,"website,google_maps,facebook,tiktok"
19,KAKEHASHI Centre (Japan),Mandalay,ပြင်ဦးလွင်မြို့နယ်,Private Higher Education Centre,MOE listed; official web not yet reviewed,,missing,,missing,,missing,,missing,0,"website,google_maps,facebook,tiktok"
190,MJTM Japanese Language Center,Yangon,ဗဟန်းမြို့နယ်,Private Higher Education Centre,MOE listed; official web not yet reviewed,,missing,,missing,,missing,,missing,0,"website,google_maps,facebook,tiktok"
191,Nissin Headcare Food Service School (Centre),Yangon,ဗဟန်းမြို့နယ်,Private Higher Education Centre,MOE listed; official web not yet reviewed,,missing,,missing,,missing,,missing,0,"website,google_maps,facebook,tiktok"
192,P.S.T Gakuen Japanese Language Training School (Centre),Yangon,ဗဟန်းမြို့နယ်,Private Higher Education Centre,MOE listed; official web not yet reviewed,,missing,,missing,,missing,,missing,0,"website,google_maps,facebook,tiktok"
193,Light ECFA (Light English Class For All) Centre,Yangon,တာမွေမြို့နယ်,Private Higher Education Centre,MOE listed; official web not yet reviewed,,missing,,missing,,missing,,missing,0,"website,google_maps,facebook,tiktok"
194,I.A.M Innovative Achievement Milestones Centre,Yangon,တာမွေမြို့နယ်,Private Higher Education Centre,MOE listed; official web not yet reviewed,,missing,,missing,,missing,,missing,0,"website,google_maps,facebook,tiktok"
195,Nelson English Language Centre,Yangon,ဒဂုံမြို့နယ်,Private Higher Education Centre,MOE listed; official web not yet reviewed,,missing,,missing,,missing,,missing,0,"website,google_maps,facebook,tiktok"
196,QTEC Learning Hub Center,Yangon,ကြည့်မြင်တိုင်မြို့နယ်,Private Higher Education Centre,MOE listed; official web not yet reviewed,,missing,,missing,,missing,,missing,0,"website,google_maps,facebook,tiktok"
197,JSC ( Yangon Japanese Center),Yangon,စမ်းချောင်းမြို့နယ်,Private Higher Education Centre,MOE listed; official web not yet reviewed,,missing,,missing,,missing,,missing,0,"website,google_maps,facebook,tiktok"
198,May Educare English Language Centre,Yangon,မြောက် ဥက္ကလာပမြို့နယ်,Private Higher Education Centre,MOE listed; official web not yet reviewed,,missing,,missing,,missing,,missing,0,"website,google_maps,facebook,tiktok"
199,NHM IT & Business Centre,Yangon,ကမာရွတ်မြို့နယ်,Private Higher Education Centre,MOE listed; official web not yet reviewed,,missing,,missing,,missing,,missing,0,"website,google_maps,facebook,tiktok"
2,အယ်လ်ဘီယူအင်တာ နေရှင်နယ်ကောလိပ်,Mandalay,ချမ်းအေးသာစံမြို့နယ်,Private College,MOE listed; official web not yet reviewed,https://www.lbu.edu.mm/,verified,,missing,https://www.facebook.com/LBUMandalay,verified,https://www.tiktok.com/@lbu_mandalay,verified,3,google_maps
20,Dream Road International Education Centre,Mandalay,ချမ်းမြသာစည်မြို့နယ်,Private Higher Education Centre,MOE listed; official web not yet reviewed,,missing,,missing,,missing,,missing,0,"website,google_maps,facebook,tiktok"
200,AIMI Japanese Language Center,Yangon,ကမာရွတ်မြို့နယ်,Private Higher Education Centre,MOE listed; official web not yet reviewed,,missing,,missing,,missing,,missing,0,"website,google_maps,facebook,tiktok"
201,Bowen Education Center,Yangon,ဗဟန်းမြို့နယ်,Private Higher Education Centre,MOE listed; official web not yet reviewed,,missing,,missing,,missing,,missing,0,"website,google_maps,facebook,tiktok"
202,(J.HRS) Japanese Language School (Centre),Yangon,အင်းစိန်မြို့နယ်,Private Higher Education Centre,MOE listed; official web not yet reviewed,,missing,,missing,,missing,,missing,0,"website,google_maps,facebook,tiktok"
203,CONNECT EDUCATION CENTRE,Yangon,ရန်ကင်းမြို့နယ်,Private Higher Education Centre,MOE listed; official web not yet reviewed,,missing,,missing,,missing,,missing,0,"website,google_maps,facebook,tiktok"
204,Prestige Education Centre,Yangon,တာမွေမြို့နယ်,Private Higher Education Centre,MOE listed; official web not yet reviewed,,missing,,missing,,missing,,missing,0,"website,google_maps,facebook,tiktok"
205,J stars Japanese Language Centre,Yangon,တာမွေမြို့နယ်,Private Higher Education Centre,MOE listed; official web not yet reviewed,,missing,,missing,,missing,,missing,0,"website,google_maps,facebook,tiktok"
206,LOTUS Hospitality Training Center,Yangon,ဗိုလ်တထောင်မြို့နယ်,Private Higher Education Centre,MOE listed; official web not yet reviewed,,missing,,missing,,missing,,missing,0,"website,google_maps,facebook,tiktok"
207,VA Learning Centre,Yangon,ဒဂုံ(မြောက်ပိုင်း)မြို့နယ်,Private Higher Education Centre,MOE listed; official web not yet reviewed,,missing,,missing,,missing,,missing,0,"website,google_maps,facebook,tiktok"
208,DREAM JAPANESE Language and Vocational Training Centre,Yangon,ဒဂုံမြို့သစ် (အရှေ့ပိုင်း) မြို့နယ်,Private Higher Education Centre,MOE listed; official web not yet reviewed,,missing,,missing,,missing,,missing,0,"website,google_maps,facebook,tiktok"
209,P&P Japanese Language Center,Yangon,ကြည့်မြင်တိုင်မြို့,Private Higher Education Centre,MOE listed; official web not yet reviewed,,missing,,missing,,missing,,missing,0,"website,google_maps,facebook,tiktok"
21,Mandalay Grace Learning Center,Mandalay,ချမ်းမြသာစည်မြို့နယ်,Private Higher Education Centre,MOE listed; official web not yet reviewed,,missing,,missing,,missing,,missing,0,"website,google_maps,facebook,tiktok"
210,Shwe Zin Myithar Centre,Yangon,စမ်းချောင်းမြို့နယ်,Private Higher Education Centre,MOE listed; official web not yet reviewed,,missing,,missing,,missing,,missing,0,"website,google_maps,facebook,tiktok"
211,Marcon Language Centre,Yangon,စမ်းချောင်းမြို့နယ်,Private Higher Education Centre,MOE listed; official web not yet reviewed,,missing,,missing,,missing,,missing,0,"website,google_maps,facebook,tiktok"
212,Innovative Dragon Management Centre,Yangon,မရမ်းကုန်းမြို့နယ်,Private Higher Education Centre,MOE listed; official web not yet reviewed,,missing,,missing,,missing,,missing,0,"website,google_maps,facebook,tiktok"
213,Global Green Light Chinese Language Centre,Yangon,မရမ်းကုန်းမြို့နယ်,Private Higher Education Centre,MOE listed; official web not yet reviewed,,missing,,missing,,missing,,missing,0,"website,google_maps,facebook,tiktok"
214,CTC International Center,Yangon,ကမာရွတ်မြို့နယ်,Private Higher Education Centre,MOE listed; official web not yet reviewed,,missing,,missing,,missing,,missing,0,"website,google_maps,facebook,tiktok"
215,SKY Home Japanese Centre,Yangon,ကမာရွတ်မြို့နယ်,Private Higher Education Centre,MOE listed; official web not yet reviewed,,missing,,missing,,missing,,missing,0,"website,google_maps,facebook,tiktok"
216,Sakura Japanese Language Centre,Yangon,ကမာရွတ်မြို့နယ်,Private Higher Education Centre,MOE listed; official web not yet reviewed,,missing,,missing,,missing,,missing,0,"website,google_maps,facebook,tiktok"
217,Stargate International Learning Center,Yangon,ကမာရွတ်မြို့နယ်,Private Higher Education Centre,MOE listed; official web not yet reviewed,,missing,,missing,,missing,,missing,0,"website,google_maps,facebook,tiktok"
218,MIRAI Japanese Language Center,Yangon,မင်္ဂလာဒုံမြို့နယ်,Private Higher Education Centre,MOE listed; official web not yet reviewed,,missing,,missing,,missing,,missing,0,"website,google_maps,facebook,tiktok"
219,SILVER EIGHT Japanese Language Center,Yangon,မင်္ဂလာဒုံမြို့နယ်,Private Higher Education Centre,MOE listed; official web not yet reviewed,,missing,,missing,,missing,,missing,0,"website,google_maps,facebook,tiktok"
22,MINGALAR GARDENER Centre (Korea),Mandalay,ချမ်းမြသာစည်မြို့နယ်,Private Higher Education Centre,MOE listed; official web not yet reviewed,,missing,,missing,,missing,,missing,0,"website,google_maps,facebook,tiktok"
220,The Language Garden Center,Yangon,အင်းစိန်မြို့နယ်,Private Higher Education Centre,MOE listed; official web not yet reviewed,,missing,,missing,,missing,,missing,0,"website,google_maps,facebook,tiktok"
221,အမ်စီစီ(နဝဒေး) လှိုင်သာယာ(၂) ကွန်ပျူတာသင်တန်း,Yangon,လှိုင်သာယာ (အရှေ့)မြို့နယ်,Private Higher Education Centre,MOE listed; official web not yet reviewed,,missing,,missing,,missing,,missing,0,"website,google_maps,facebook,tiktok"
222,Ponnami Language Center(PLC),Yangon,ရန်ကင်းမြို့နယ်,Private Higher Education Centre,MOE listed; official web not yet reviewed,,missing,,missing,,missing,,missing,0,"website,google_maps,facebook,tiktok"
223,YECC (YANGON EDUCATION CREATION CORNER),Yangon,ရန်ကင်းမြို့နယ်,Private Higher Education Centre,MOE listed; official web not yet reviewed,,missing,,missing,,missing,,missing,0,"website,google_maps,facebook,tiktok"
224,YS Flora Myanmar Centre,Yangon,တာမွေမြို့နယ်,Private Higher Education Centre,MOE listed; official web not yet reviewed,,missing,,missing,,missing,,missing,0,"website,google_maps,facebook,tiktok"
225,NNS Japanese Language School,Yangon,တာမွေမြို့နယ်,Private Higher Education Centre,MOE listed; official web not yet reviewed,,missing,,missing,,missing,,missing,0,"website,google_maps,facebook,tiktok"
226,ချိန်ယု ဘာသာရပ်သင် ကိုယ်ပိုင်သင်တန်းကျောင်း,Yangon,ဗိုလ်တထောင်မြို့နယ်,Private Higher Education Centre,MOE listed; official web not yet reviewed,,missing,,missing,,missing,,missing,0,"website,google_maps,facebook,tiktok"
227,KAUNG PYAE Japanese Language Center,Yangon,ခရမ်းမြို့နယ်,Private Higher Education Centre,MOE listed; official web not yet reviewed,,missing,,missing,,missing,,missing,0,"website,google_maps,facebook,tiktok"
228,YOUTH Training Center,Yangon,ကျောက်တံတားမြို့နယ်,Private Higher Education Centre,MOE listed; official web not yet reviewed,,missing,,missing,,missing,,missing,0,"website,google_maps,facebook,tiktok"
229,J-SAT Career Development Center,Yangon,ကျောက်တံတား မြို့နယ်,Private Higher Education Centre,MOE listed; official web not yet reviewed,,missing,,missing,,missing,,missing,0,"website,google_maps,facebook,tiktok"
23,Zenith International Education Centre,Mandalay,ချမ်းအေးသာစံမြို့နယ်,Private Higher Education Centre,MOE listed; official web not yet reviewed,,missing,,missing,,missing,,missing,0,"website,google_maps,facebook,tiktok"
230,Executive Garden International Center,Yangon,ကမာရွတ်မြို့နယ်,Private Higher Education Centre,MOE listed; official web not yet reviewed,,missing,,missing,,missing,,missing,0,"website,google_maps,facebook,tiktok"
231,Executive Garden International Center,Yangon,စမ်းချောင်းမြို့နယ်,Private Higher Education Centre,MOE listed; official web not yet reviewed,,missing,,missing,,missing,,missing,0,"website,google_maps,facebook,tiktok"
232,J.ISM Language Center,Yangon,မရမ်းကုန်းမြို့နယ်,Private Higher Education Centre,MOE listed; official web not yet reviewed,,missing,,missing,,missing,,missing,0,"website,google_maps,facebook,tiktok"
233,J.ISM Language Center,Yangon,မရမ်းကုန်းမြို့နယ်,Private Higher Education Centre,MOE listed; official web not yet reviewed,,missing,,missing,,missing,,missing,0,"website,google_maps,facebook,tiktok"
234,Mirai Yangon Japanese Language Training Center,Yangon,မြောက်ဥက္ကလာပမြို့နယ်,Private Higher Education Centre,MOE listed; official web not yet reviewed,,missing,,missing,,missing,,missing,0,"website,google_maps,facebook,tiktok"
235,Noble Learning Hub Centre,Yangon,ကမာရွတ်မြို့နယ်,Private Higher Education Centre,MOE listed; official web not yet reviewed,,missing,,missing,,missing,,missing,0,"website,google_maps,facebook,tiktok"
236,Momiji Japanese Language Center,Yangon,ကမာရွတ်မြို့နယ်,Private Higher Education Centre,MOE listed; official web not yet reviewed,,missing,,missing,,missing,,missing,0,"website,google_maps,facebook,tiktok"
237,SUCCESS LANGUAGE Centre,Yangon,ကမာရွတ်မြို့နယ်,Private Higher Education Centre,MOE listed; official web not yet reviewed,,missing,,missing,,missing,,missing,0,"website,google_maps,facebook,tiktok"
238,Myanmar IVY Business & Technology Centre,Yangon,ကမာရွတ်မြို့နယ်,Private Higher Education Centre,MOE listed; official web not yet reviewed,,missing,,missing,,missing,,missing,0,"website,google_maps,facebook,tiktok"
239,LA SALLE LEARNING CENTRE,Yangon,ကမာရွတ်မြို့နယ်,Private Higher Education Centre,MOE listed; official web not yet reviewed,,missing,,missing,,missing,,missing,0,"website,google_maps,facebook,tiktok"
24,CSK Chinese Language and Education Centre,Mandalay,မဟာအောင်မြေမြို့နယ်,Private Higher Education Centre,MOE listed; official web not yet reviewed,,missing,,missing,,missing,,missing,0,"website,google_maps,facebook,tiktok"
240,Kyoshin Language Center Yangon,Yangon,တောင်ဥက္ကလာပမြို့နယ်,Private Higher Education Centre,MOE listed; official web not yet reviewed,,missing,,missing,,missing,,missing,0,"website,google_maps,facebook,tiktok"
241,Lawkanat Japanese Language Centre,Yangon,ရန်ကင်းမြို့နယ်,Private Higher Education Centre,MOE listed; official web not yet reviewed,,missing,,missing,,missing,,missing,0,"website,google_maps,facebook,tiktok"
242,Trust Point Hospitality Training Center,Yangon,မင်္ဂလာတောင်ညွှန့်မြို့နယ်,Private Higher Education Centre,MOE listed; official web not yet reviewed,,missing,,missing,,missing,,missing,0,"website,google_maps,facebook,tiktok"
243,Mahar Euphoria Education Centre (MEEC),Yangon,ဒဂုံမြို့,Private Higher Education Centre,MOE listed; official web not yet reviewed,,missing,,missing,,missing,,missing,0,"website,google_maps,facebook,tiktok"
244,Caroline English Language Centre (CELC ),Yangon,ဒဂုံမြို့သစ် (အရှေ့ပိုင်း)မြို့နယ်,Private Higher Education Centre,MOE listed; official web not yet reviewed,,missing,,missing,,missing,,missing,0,"website,google_maps,facebook,tiktok"
245,The Best Language Centre,Yangon,ဒဂုံ(အရှေ့ပိုင်း) မြို့နယ်,Private Higher Education Centre,MOE listed; official web not yet reviewed,,missing,,missing,,missing,,missing,0,"website,google_maps,facebook,tiktok"
246,EFG Learning Centre,Yangon,ဒဂုံ(ဆိပ်ကမ်းမြို့နယ်,Private Higher Education Centre,MOE listed; official web not yet reviewed,,missing,,missing,,missing,,missing,0,"website,google_maps,facebook,tiktok"
247,Assumption Learning Loft Centre,Yangon,တွံတေးမြို့နယ်,Private Higher Education Centre,MOE listed; official web not yet reviewed,,missing,,missing,,missing,,missing,0,"website,google_maps,facebook,tiktok"
248,GIC Japanese Language and IT Centre,Yangon,လမ်းမတော် မြို့နယ်,Private Higher Education Centre,MOE listed; official web not yet reviewed,,missing,,missing,,missing,,missing,0,"website,google_maps,facebook,tiktok"
249,TRS English Language Centre,Yangon,ဒဂုံမြို့နယ်,Private Higher Education Centre,MOE listed; official web not yet reviewed,,missing,,missing,,missing,,missing,0,"website,google_maps,facebook,tiktok"
25,STAR English Centre,Mandalay,မဟာအောင်မြေမြို့နယ်,Private Higher Education Centre,MOE listed; official web not yet reviewed,,missing,,missing,,missing,,missing,0,"website,google_maps,facebook,tiktok"
250,Sakura Sisters Language Centre (Japanese),Yangon,စမ်းချောင်းမြို့နယ်,Private Higher Education Centre,MOE listed; official web not yet reviewed,,missing,,missing,,missing,,missing,0,"website,google_maps,facebook,tiktok"
251,M & K Japanese Language School (Centre),Yangon,မရမ်းကုန်းမြို့နယ်,Private Higher Education Centre,MOE listed; official web not yet reviewed,,missing,,missing,,missing,,missing,0,"website,google_maps,facebook,tiktok"
252,M & K Japanese Language School (Centre),Yangon,ကမာရွတ်မြို့နယ်,Private Higher Education Centre,MOE listed; official web not yet reviewed,,missing,,missing,,missing,,missing,0,"website,google_maps,facebook,tiktok"
253,KAZUMICHI Japanese Language Centre,Yangon,မြောက်ဥက္ကလာပ မြို့နယ်,Private Higher Education Centre,MOE listed; official web not yet reviewed,,missing,,missing,,missing,,missing,0,"website,google_maps,facebook,tiktok"
254,Sabe Phyu Japanese Language School (Centre),Yangon,ကမာရွတ်မြို့နယ်,Private Higher Education Centre,MOE listed; official web not yet reviewed,,missing,,missing,,missing,,missing,0,"website,google_maps,facebook,tiktok"
255,BOWEN တရုတ်ဘာသာစကားသင်တန်း စင်တာ (2),Yangon,ကမာရွတ်မြို့နယ်,Private Higher Education Centre,MOE listed; official web not yet reviewed,,missing,,missing,,missing,,missing,0,"website,google_maps,facebook,tiktok"
256,MLI Center,Yangon,ကမာရွတ်မြို့နယ်,Private Higher Education Centre,MOE listed; official web not yet reviewed,,missing,,missing,,missing,,missing,0,"website,google_maps,facebook,tiktok"
257,Musubi Japanese Language Center,Yangon,လှိုင်မြို့နယ်,Private Higher Education Centre,MOE listed; official web not yet reviewed,,missing,,missing,,missing,,missing,0,"website,google_maps,facebook,tiktok"
258,New Pathway Education IT & Language Centre,Yangon,အင်းစိန်မြို့နယ်,Private Higher Education Centre,MOE listed; official web not yet reviewed,,missing,,missing,,missing,,missing,0,"website,google_maps,facebook,tiktok"
259,Shwe Myanmar Japanese Language School (Centre),Yangon,အင်းစိန်မြို့နယ်,Private Higher Education Centre,MOE listed; official web not yet reviewed,,missing,,missing,,missing,,missing,0,"website,google_maps,facebook,tiktok"
26,BIS English Centre,Mandalay,မိတ္ထီလာမြို့နယ်,Private Higher Education Centre,MOE listed; official web not yet reviewed,,missing,,missing,,missing,,missing,0,"website,google_maps,facebook,tiktok"
260,A4 IGCSE School (Centre),Yangon,ဒဂုံမြို့နယ်,Private Higher Education Centre,MOE listed; official web not yet reviewed,,missing,,missing,,missing,,missing,0,"website,google_maps,facebook,tiktok"
261,I-Connect Training Centre,Yangon,အလုံမြို့နယ်,Private Higher Education Centre,MOE listed; official web not yet reviewed,,missing,,missing,,missing,,missing,0,"website,google_maps,facebook,tiktok"
262,Info Myanmar Vocational School (Centre),Yangon,ကမာရွတ်မြို့နယ်,Private Higher Education Centre,MOE listed; official web not yet reviewed,,missing,,missing,,missing,,missing,0,"website,google_maps,facebook,tiktok"
263,Wall Street English Centre,Yangon,ကမာရွတ်မြို့နယ်,Private Higher Education Centre,MOE listed; official web not yet reviewed,,missing,,missing,,missing,,missing,0,"website,google_maps,facebook,tiktok"
264,Kids and Us Centre (English),Yangon,ကမာရွတ်မြို့နယ်,Private Higher Education Centre,MOE listed; official web not yet reviewed,,missing,,missing,,missing,,missing,0,"website,google_maps,facebook,tiktok"
265,Logiscool Centre,Yangon,ကမာရွတ်မြို့နယ်,Private Higher Education Centre,MOE listed; official web not yet reviewed,,missing,,missing,,missing,,missing,0,"website,google_maps,facebook,tiktok"
266,MYANMA FUTURE LIGHT (Centre),Yangon,တောင်ဥက္ကလာပမြို့နယ်,Private Higher Education Centre,MOE listed; official web not yet reviewed,,missing,,missing,,missing,,missing,0,"website,google_maps,facebook,tiktok"
267,Nationwide International Language Center,Yangon,တာမွေမြို့နယ်,Private Higher Education Centre,MOE listed; official web not yet reviewed,,missing,,missing,,missing,,missing,0,"website,google_maps,facebook,tiktok"
268,SPS Education Center,Yangon,တာမွေမြို့နယ်,Private Higher Education Centre,MOE listed; official web not yet reviewed,,missing,,missing,,missing,,missing,0,"website,google_maps,facebook,tiktok"
269,UAS Myanmar Language Center,Yangon,တာမွေမြို့နယ်,Private Higher Education Centre,MOE listed; official web not yet reviewed,,missing,,missing,,missing,,missing,0,"website,google_maps,facebook,tiktok"
27,JMJC Centre (Japan),Mandalay,ချမ်းအေးသာစံမြို့နယ်,Private Higher Education Centre,MOE listed; official web not yet reviewed,,missing,,missing,,missing,,missing,0,"website,google_maps,facebook,tiktok"
270,Sugoi Japanese Language School (Centre),Yangon,တာမွေမြို့နယ်,Private Higher Education Centre,MOE listed; official web not yet reviewed,,missing,,missing,,missing,,missing,0,"website,google_maps,facebook,tiktok"
271,Nazareth Education ကိုးရီးယားဘာသာ စကားသင်တန်းကျောင်း (၂),Yangon,ကမာရွတ်မြို့နယ်,Private Higher Education Centre,MOE listed; official web not yet reviewed,,missing,,missing,,missing,,missing,0,"website,google_maps,facebook,tiktok"
272,Nazareth Education (4),Yangon,မရမ်းကုန်းမြို့နယ်,Private Higher Education Centre,MOE listed; official web not yet reviewed,,missing,,missing,,missing,,missing,0,"website,google_maps,facebook,tiktok"
273,Nazareth Education (5),Yangon,ဒဂုံ (မြောက်) မြို့နယ်,Private Higher Education Centre,MOE listed; official web not yet reviewed,,missing,,missing,,missing,,missing,0,"website,google_maps,facebook,tiktok"
274,လှိုင်ရိပ်မွန် English Language Center,Yangon,ဒလမြို့နယ်,Private Higher Education Centre,MOE listed; official web not yet reviewed,,missing,,missing,,missing,,missing,0,"website,google_maps,facebook,tiktok"
275,LINKSS Japanese Language & Job Acquire Centre,Yangon,ကျောက်တံတားမြို့နယ်,Private Higher Education Centre,MOE listed; official web not yet reviewed,,missing,,missing,,missing,,missing,0,"website,google_maps,facebook,tiktok"
276,PS Business School (Centre),Yangon,စမ်းချောင်းမြို့နယ်,Private Higher Education Centre,MOE listed; official web not yet reviewed,,missing,,missing,,missing,,missing,0,"website,google_maps,facebook,tiktok"
277,Advance Technology Centre နည်းပညာ သက်မွေးသင်တန်းကျောင်း,Yangon,စမ်းချောင်း မြို့နယ်,Private Higher Education Centre,MOE listed; official web not yet reviewed,,missing,,missing,,missing,,missing,0,"website,google_maps,facebook,tiktok"
278,Goryeo Korean Language Center,Yangon,မရမ်းကုန်းမြို့နယ်,Private Higher Education Centre,MOE listed; official web not yet reviewed,,missing,,missing,,missing,,missing,0,"website,google_maps,facebook,tiktok"
279,YUME TSUKURI JAPANESE LANGUAGE CENTER,Yangon,ကမာရွတ်မြို့နယ်,Private Higher Education Centre,MOE listed; official web not yet reviewed,,missing,,missing,,missing,,missing,0,"website,google_maps,facebook,tiktok"
28,I Can Read English Language Centre,Mandalay,Not parsed from MOE address,Private Higher Education Centre,MOE listed; official web not yet reviewed,,missing,,missing,,missing,,missing,0,"website,google_maps,facebook,tiktok"
280,RISE Education Centre,Yangon,ရန်ကင်းမြို့နယ်,Private Higher Education Centre,MOE listed; official web not yet reviewed,,missing,,missing,,missing,,missing,0,"website,google_maps,facebook,tiktok"
281,SAKAMOTO MATHS CENTRE,Yangon,ရန်ကင်းမြို့နယ်,Private Higher Education Centre,MOE listed; official web not yet reviewed,,missing,,missing,,missing,,missing,0,"website,google_maps,facebook,tiktok"
282,Global Change Japanese Language School (Centre),Yangon,တာမွေမြို့နယ်,Private Higher Education Centre,MOE listed; official web not yet reviewed,,missing,,missing,,missing,,missing,0,"website,google_maps,facebook,tiktok"
283,JM Unity Japanese Language Centre,Yangon,တာမွေမြို့နယ်,Private Higher Education Centre,MOE listed; official web not yet reviewed,,missing,,missing,,missing,,missing,0,"website,google_maps,facebook,tiktok"
284,TA TA Japanese Language Centre,Yangon,တာမွေမြို့နယ်,Private Higher Education Centre,MOE listed; official web not yet reviewed,,missing,,missing,,missing,,missing,0,"website,google_maps,facebook,tiktok"
285,Moshi Moshi Japanese Language Center,Yangon,တာမွေမြို့နယ်,Private Higher Education Centre,MOE listed; official web not yet reviewed,,missing,,missing,,missing,,missing,0,"website,google_maps,facebook,tiktok"
286,AVA Professional Center,Yangon,တာမွေမြို့နယ်,Private Higher Education Centre,MOE listed; official web not yet reviewed,,missing,,missing,,missing,,missing,0,"website,google_maps,facebook,tiktok"
287,Megumi Japanese Language Center,Yangon,တာမွေမြို့နယ်,Private Higher Education Centre,MOE listed; official web not yet reviewed,,missing,,missing,,missing,,missing,0,"website,google_maps,facebook,tiktok"
288,The Student Language Centre,Yangon,ပုဇွန်တောင်မြို့နယ်,Private Higher Education Centre,MOE listed; official web not yet reviewed,,missing,,missing,,missing,,missing,0,"website,google_maps,facebook,tiktok"
289,Victory Education& Language Centre အင်္ဂလိပ်စာ သင်တန်းကျောင်း,Yangon,ပုဇွန်တောင်မြို့နယ်,Private Higher Education Centre,MOE listed; official web not yet reviewed,,missing,,missing,,missing,,missing,0,"website,google_maps,facebook,tiktok"
29,GUSTO College,Yangon,ကမာရွတ်မြို့နယ်,Private College,MOE listed; official web not yet reviewed,https://gusto-education.com/,verified,,missing,https://www.facebook.com/GUSTOCollege,unverified,,missing,1,"google_maps,tiktok"
290,MHR Management Center,Yangon,ကျောက်တံတားမြို့နယ်,Private Higher Education Centre,MOE listed; official web not yet reviewed,,missing,,missing,,missing,,missing,0,"website,google_maps,facebook,tiktok"
291,ACM Japanese Language Center,Yangon,လမ်းမတော်မြို့နယ်,Private Higher Education Centre,MOE listed; official web not yet reviewed,,missing,,missing,,missing,,missing,0,"website,google_maps,facebook,tiktok"
292,BRIGHT STARS CENTRE,Yangon,မရမ်းကုန်းမြို့နယ်,Private Higher Education Centre,MOE listed; official web not yet reviewed,,missing,,missing,,missing,,missing,0,"website,google_maps,facebook,tiktok"
293,DE LA SALLE LEARNING CENTRE,Yangon,မရမ်းကုန်းမြို့နယ်,Private Higher Education Centre,MOE listed; official web not yet reviewed,,missing,,missing,,missing,,missing,0,"website,google_maps,facebook,tiktok"
294,YUNA EDUCATION CENTER,Yangon,ကမာရွတ်မြို့နယ်,Private Higher Education Centre,MOE listed; official web not yet reviewed,,missing,,missing,,missing,,missing,0,"website,google_maps,facebook,tiktok"
295,Shin Land Education Centre,Yangon,ကမာရွတ်မြို့နယ်,Private Higher Education Centre,MOE listed; official web not yet reviewed,,missing,,missing,,missing,,missing,0,"website,google_maps,facebook,tiktok"
296,MAY ZONE TRAINING CENTER,Yangon,အင်းစိန်မြို့နယ်,Private Higher Education Centre,MOE listed; official web not yet reviewed,,missing,,missing,,missing,,missing,0,"website,google_maps,facebook,tiktok"
297,SKY Tree Japanese Language Centre,Yangon,သင်္ဃန်းကျွန်းမြို့နယ်,Private Higher Education Centre,MOE listed; official web not yet reviewed,,missing,,missing,,missing,,missing,0,"website,google_maps,facebook,tiktok"
298,Japan Ready Functions Training School (Centre),Yangon,တောင်ဥက္ကလာပ မြို့နယ်,Private Higher Education Centre,MOE listed; official web not yet reviewed,,missing,,missing,,missing,,missing,0,"website,google_maps,facebook,tiktok"
299,Metro IT & JAPANESE LANGUAGE CENTRE,Yangon,သာကေတမြို့နယ်,Private Higher Education Centre,MOE listed; official web not yet reviewed,,missing,,missing,,missing,,missing,0,"website,google_maps,facebook,tiktok"
3,STI Myanmar College,Mandalay,ချမ်းမြသာစည်မြို့နယ်,Private College,MOE listed + official web verified,https://stiedu.net/,verified,,missing,https://www.facebook.com/STIMyanmarUni,unverified,,missing,1,"google_maps,tiktok"
30,RVi College,Yangon,ကမာရွတ်မြို့နယ်,Private College,MOE listed; official web not yet reviewed,,missing,,missing,,missing,,missing,0,"website,google_maps,facebook,tiktok"
300,Welcome Korea ဘာသာစကားသင်တန်း,Yangon,ဒဂုံဆိပ်ကမ်းမြို့နယ်,Private Higher Education Centre,MOE listed; official web not yet reviewed,,missing,,missing,,missing,,missing,0,"website,google_maps,facebook,tiktok"
301,JUNKO (Japanese Language Centre) Branch-1,Yangon,သန်လျင်မြို့နယ်,Private Higher Education Centre,MOE listed; official web not yet reviewed,,missing,,missing,,missing,,missing,0,"website,google_maps,facebook,tiktok"
302,JUNKO (Japanese Language Centre),Yangon,ကျောက်တန်းမြို့နယ်,Private Higher Education Centre,MOE listed; official web not yet reviewed,,missing,,missing,,missing,,missing,0,"website,google_maps,facebook,tiktok"
303,"CARNIVAL Slim Hospitality and Management, English Language Training Centre",Yangon,ကျောက်တံတားမြို့နယ်,Private Higher Education Centre,MOE listed; official web not yet reviewed,,missing,,missing,,missing,,missing,0,"website,google_maps,facebook,tiktok"
304,Sayar Phyo (IGCSE) Centre,Yangon,လမ်းမတော်မြို့နယ်,Private Higher Education Centre,MOE listed; official web not yet reviewed,,missing,,missing,,missing,,missing,0,"website,google_maps,facebook,tiktok"
305,Kingyo Japanese Language Center,Yangon,စမ်းချောင်းမြို့နယ်,Private Higher Education Centre,MOE listed; official web not yet reviewed,,missing,,missing,,missing,,missing,0,"website,google_maps,facebook,tiktok"
306,MBTC Centre,Yangon,စမ်းချောင်းမြို့နယ်,Private Higher Education Centre,MOE listed; official web not yet reviewed,,missing,,missing,,missing,,missing,0,"website,google_maps,facebook,tiktok"
307,IAT (Institute of Advanced Technologies Centre),Yangon,လှိုင်မြို့နယ်,Private Higher Education Centre,MOE listed; official web not yet reviewed,,missing,,missing,,missing,,missing,0,"website,google_maps,facebook,tiktok"
308,MAKER X SPACE CENTRE,Yangon,Not parsed from MOE address,Private Higher Education Centre,MOE listed; official web not yet reviewed,,missing,,missing,,missing,,missing,0,"website,google_maps,facebook,tiktok"
309,Japanese Juku Japanese language Center,Yangon,ကမာရွတ်မြို့နယ်,Private Higher Education Centre,MOE listed; official web not yet reviewed,,missing,,missing,,missing,,missing,0,"website,google_maps,facebook,tiktok"
31,AU MIT Myanmar College,Yangon,ကမာရွတ်မြို့နယ်,Private College,MOE listed; official web not yet reviewed,https://www.aumitmyanmar.com/,verified,,missing,https://www.facebook.com/AUMITMyanmarCollege/about/,verified,,missing,2,"google_maps,tiktok"
310,Axel Asia Japanese Training Center,Yangon,တာမွေမြို့နယ်,Private Higher Education Centre,MOE listed; official web not yet reviewed,,missing,,missing,,missing,,missing,0,"website,google_maps,facebook,tiktok"
311,HIBIKI Centre (Japan),Yangon,တာမွေမြို့နယ်,Private Higher Education Centre,MOE listed; official web not yet reviewed,,missing,,missing,,missing,,missing,0,"website,google_maps,facebook,tiktok"
312,Brilliant Stars Int'l Language School (Centre),Yangon,တာမွေမြို့နယ်,Private Higher Education Centre,MOE listed; official web not yet reviewed,,missing,,missing,,missing,,missing,0,"website,google_maps,facebook,tiktok"
313,The Grand Era Education Centre,Yangon,ဗိုလ်တထောင်မြို့နယ်,Private Higher Education Centre,MOE listed; official web not yet reviewed,,missing,,missing,,missing,,missing,0,"website,google_maps,facebook,tiktok"
314,Ajisai Japanese Language Center,Yangon,ပန်းပဲတန်းမြို့နယ်,Private Higher Education Centre,MOE listed; official web not yet reviewed,,missing,,missing,,missing,,missing,0,"website,google_maps,facebook,tiktok"
315,Kotobuki Centre,Yangon,စမ်းချောင်းမြို့နယ်,Private Higher Education Centre,MOE listed; official web not yet reviewed,,missing,,missing,,missing,,missing,0,"website,google_maps,facebook,tiktok"
316,EDVANTAGE Japanese Language School (Centre),Yangon,စမ်းချောင်း မြို့နယ်,Private Higher Education Centre,MOE listed; official web not yet reviewed,,missing,,missing,,missing,,missing,0,"website,google_maps,facebook,tiktok"
317,San Myint Mo Foreign Language Centre,Yangon,မရမ်းကုန်းမြို့နယ်,Private Higher Education Centre,MOE listed; official web not yet reviewed,,missing,,missing,,missing,,missing,0,"website,google_maps,facebook,tiktok"
318,Korea Ace Myanmar Centre,Yangon,ကမာရွတ်မြို့နယ်,Private Higher Education Centre,MOE listed; official web not yet reviewed,,missing,,missing,,missing,,missing,0,"website,google_maps,facebook,tiktok"
319,Hinomaru Education Center,Yangon,ကမာရွတ်မြို့နယ်,Private Higher Education Centre,MOE listed; official web not yet reviewed,,missing,,missing,,missing,,missing,0,"website,google_maps,facebook,tiktok"
32,AUSTON College,Yangon,ကမာရွတ်မြို့နယ်,Private College,MOE listed; official web not yet reviewed,https://auston.edu.mm/,verified,,missing,https://www.facebook.com/austoncollege/,verified,https://www.tiktok.com/@auston_college,unverified,2,google_maps
320,"SUPER GENIUS International Mathematics, Science and English Centre",Yangon,တိုက်ကြီးမြို့နယ်,Private Higher Education Centre,MOE listed; official web not yet reviewed,,missing,,missing,,missing,,missing,0,"website,google_maps,facebook,tiktok"
321,Yume Yuki Japanese Language School Centre,Yangon,တာမွေမြို့နယ်,Private Higher Education Centre,MOE listed; official web not yet reviewed,,missing,,missing,,missing,,missing,0,"website,google_maps,facebook,tiktok"
322,Ya Ya Ya Japanese Learning Centre,Yangon,တာမွေမြို့နယ်,Private Higher Education Centre,MOE listed; official web not yet reviewed,,missing,,missing,,missing,,missing,0,"website,google_maps,facebook,tiktok"
323,Light Korean Language Center,Yangon,တာမွေမြို့နယ်,Private Higher Education Centre,MOE listed; official web not yet reviewed,,missing,,missing,,missing,,missing,0,"website,google_maps,facebook,tiktok"
324,K-IT COMPUTER TRAINING CENTRE,Yangon,တာမွေမြို့နယ်,Private Higher Education Centre,MOE listed; official web not yet reviewed,,missing,,missing,,missing,,missing,0,"website,google_maps,facebook,tiktok"
325,GOLDEN MYANMAR Languages Center,Yangon,ဗဟန်းမြို့နယ်,Private Higher Education Centre,MOE listed; official web not yet reviewed,,missing,,missing,,missing,,missing,0,"website,google_maps,facebook,tiktok"
326,Ya Ma Japanese Language Centre ဂျပန် ဘာသာသင်တန်းကျောင်း,Yangon,တာမွေမြို့နယ်,Private Higher Education Centre,MOE listed; official web not yet reviewed,,missing,,missing,,missing,,missing,0,"website,google_maps,facebook,tiktok"
327,LOGOS japanese Language Centre,Yangon,ဗဟန်းမြို့နယ်,Private Higher Education Centre,MOE listed; official web not yet reviewed,,missing,,missing,,missing,,missing,0,"website,google_maps,facebook,tiktok"
328,IKI IKI Japanese Language Center,Yangon,ဒဂုံဆိပ်ကမ်းမြို့နယ်,Private Higher Education Centre,MOE listed; official web not yet reviewed,,missing,,missing,,missing,,missing,0,"website,google_maps,facebook,tiktok"
329,Tokyo Win Japanese Education Center,Yangon,ကျောက်တံတား မြို့နယ်,Private Higher Education Centre,MOE listed; official web not yet reviewed,,missing,,missing,,missing,,missing,0,"website,google_maps,facebook,tiktok"
33,PIU College,Yangon,လှိုင်မြို့နယ်,Private College,MOE listed; official web not yet reviewed,,missing,,missing,,missing,,missing,0,"website,google_maps,facebook,tiktok"
330,Famous Thai Language Center,Yangon,ဒဂုံမြို့နယ်,Private Higher Education Centre,MOE listed; official web not yet reviewed,,missing,,missing,,missing,,missing,0,"website,google_maps,facebook,tiktok"
331,REALISTIC INFOTECH Group (RIG) IT TRAINING CENTER,Yangon,လှိုင်မြို့နယ်,Private Higher Education Centre,MOE listed; official web not yet reviewed,,missing,,missing,,missing,,missing,0,"website,google_maps,facebook,tiktok"
332,FUTURE LIGHT Japanese Language Centre,Yangon,တောင် ဥက္ကလာပမြို့နယ်,Private Higher Education Centre,MOE listed; official web not yet reviewed,,missing,,missing,,missing,,missing,0,"website,google_maps,facebook,tiktok"
333,ဟိုတယ်နှင့်ခရီးသွားလာ ရေးသင်တန်း(HTTC),Yangon,မင်္ဂလာတောင်ညွှန့်မြို့နယ်,Private Higher Education Centre,MOE listed; official web not yet reviewed,,missing,,missing,,missing,,missing,0,"website,google_maps,facebook,tiktok"
334,E-care English Centre,Yangon,ဗဟန်းမြို့နယ်,Private Higher Education Centre,MOE listed; official web not yet reviewed,,missing,,missing,,missing,,missing,0,"website,google_maps,facebook,tiktok"
335,Su & Naing Language Center,Yangon,မရမ်းကုန်းမြို့နယ်,Private Higher Education Centre,MOE listed; official web not yet reviewed,,missing,,missing,,missing,,missing,0,"website,google_maps,facebook,tiktok"
336,Hangul Korean Language Academy,Yangon,Not parsed from MOE address,Private Higher Education Centre,MOE listed; official web not yet reviewed,,missing,,missing,,missing,,missing,0,"website,google_maps,facebook,tiktok"
337,GEORGE ENGLISH TRAINING CENTRE (GETC),Yangon,လှိုင်မြို့နယ်,Private Higher Education Centre,MOE listed; official web not yet reviewed,,missing,,missing,,missing,,missing,0,"website,google_maps,facebook,tiktok"
338,Bayintnaung Japanese Language School (Centre),Yangon,လှိုင်မြို့နယ်,Private Higher Education Centre,MOE listed; official web not yet reviewed,,missing,,missing,,missing,,missing,0,"website,google_maps,facebook,tiktok"
339,T&H Education Centre,Yangon,လှိုင်မြို့နယ်,Private Higher Education Centre,MOE listed; official web not yet reviewed,,missing,,missing,,missing,,missing,0,"website,google_maps,facebook,tiktok"
34,Info Myanmar College,Yangon,ကမာရွတ်မြို့နယ်,Private College,MOE listed; official web not yet reviewed,,missing,,missing,,missing,,missing,0,"website,google_maps,facebook,tiktok"
340,Hinthar Education Centre,Yangon,လှိုင်မြို့နယ်,Private Higher Education Centre,MOE listed; official web not yet reviewed,,missing,,missing,,missing,,missing,0,"website,google_maps,facebook,tiktok"
341,Techno Point Engineering Training Centre,Yangon,လှိုင်မြို့နယ်,Private Higher Education Centre,MOE listed; official web not yet reviewed,,missing,,missing,,missing,,missing,0,"website,google_maps,facebook,tiktok"
342,Better Life Education & Career Supporting Centre,Yangon,တောင်ဥက္ကလာပ မြို့နယ်,Private Higher Education Centre,MOE listed; official web not yet reviewed,,missing,,missing,,missing,,missing,0,"website,google_maps,facebook,tiktok"
343,Future Light Education Centre,Yangon,သန်လျင်မြို့နယ်,Private Higher Education Centre,MOE listed; official web not yet reviewed,,missing,,missing,,missing,,missing,0,"website,google_maps,facebook,tiktok"
344,Golden Future Training Center,Yangon,သန်လျင်မြို့နယ်,Private Higher Education Centre,MOE listed; official web not yet reviewed,,missing,,missing,,missing,,missing,0,"website,google_maps,facebook,tiktok"
345,MHTM Hospitality Maritime Training Centre,Yangon,တာမွေမြို့နယ်,Private Higher Education Centre,MOE listed; official web not yet reviewed,,missing,,missing,,missing,,missing,0,"website,google_maps,facebook,tiktok"
346,Acquire Training Centre,Yangon,သန်လျင်မြို့နယ်,Private Higher Education Centre,MOE listed; official web not yet reviewed,,missing,,missing,,missing,,missing,0,"website,google_maps,facebook,tiktok"
347,Global F.O.R Language Center (Japan),Yangon,လှိုင်မြို့နယ်,Private Higher Education Centre,MOE listed; official web not yet reviewed,,missing,,missing,,missing,,missing,0,"website,google_maps,facebook,tiktok"
348,LITTLE LONDON English Language Centre,Yangon,တာမွေမြို့နယ်,Private Higher Education Centre,MOE listed; official web not yet reviewed,,missing,,missing,,missing,,missing,0,"website,google_maps,facebook,tiktok"
349,Future Canvas Japanese Language Center,Yangon,အင်းစိန်မြို့နယ်,Private Higher Education Centre,MOE listed; official web not yet reviewed,,missing,,missing,,missing,,missing,0,"website,google_maps,facebook,tiktok"
35,NMA College,Yangon,ကမာရွတ်မြို့နယ်,Private College,MOE listed; official web not yet reviewed,,missing,,missing,,missing,,missing,0,"website,google_maps,facebook,tiktok"
350,SST Korean Language Training Center,Yangon,အင်းစိန်မြို့နယ်,Private Higher Education Centre,MOE listed; official web not yet reviewed,,missing,,missing,,missing,,missing,0,"website,google_maps,facebook,tiktok"
351,EDULIGHT MYANMAR EDUCATION CENTER,Yangon,Not parsed from MOE address,Private Higher Education Centre,MOE listed; official web not yet reviewed,,missing,,missing,,missing,,missing,0,"website,google_maps,facebook,tiktok"
352,STUDY HOOD Vocational Training Center,Yangon,ကျောက်တံတားမြို့နယ်,Private Higher Education Centre,MOE listed; official web not yet reviewed,,missing,,missing,,missing,,missing,0,"website,google_maps,facebook,tiktok"
353,Nazareth Education (6),Yangon,ဒဂုံ (မြောက်) မြို့နယ်,Private Higher Education Centre,MOE listed; official web not yet reviewed,,missing,,missing,,missing,,missing,0,"website,google_maps,facebook,tiktok"
354,SEIKO-ICHI Japanese Language Training School (Centre),Yangon,လှိုင်မြို့နယ်,Private Higher Education Centre,MOE listed; official web not yet reviewed,,missing,,missing,,missing,,missing,0,"website,google_maps,facebook,tiktok"
355,Educatry International Education Center,Yangon,ကမာရွတ်မြို့နယ်,Private Higher Education Centre,MOE listed; official web not yet reviewed,,missing,,missing,,missing,,missing,0,"website,google_maps,facebook,tiktok"
356,HIKARI Japanese Language Center,Yangon,ကမာရွတ်မြို့နယ်,Private Higher Education Centre,MOE listed; official web not yet reviewed,,missing,,missing,,missing,,missing,0,"website,google_maps,facebook,tiktok"
357,Fuji Palace Japanese Language Centre,Yangon,အင်းစိန်မြို့နယ်,Private Higher Education Centre,MOE listed; official web not yet reviewed,,missing,,missing,,missing,,missing,0,"website,google_maps,facebook,tiktok"
36,Y-MAX College,Yangon,ကမာရွတ်မြို့နယ်,Private College,MOE listed; official web not yet reviewed,,missing,,missing,,missing,,missing,0,"website,google_maps,facebook,tiktok"
37,KBTC College,Yangon,စမ်းချောင်းမြို့နယ်,Private College,MOE listed; official web not yet reviewed,,missing,,missing,,missing,,missing,0,"website,google_maps,facebook,tiktok"
38,Strategy First International College (1),Yangon,စမ်းချောင်းမြို့နယ်,Private College,MOE listed; official web not yet reviewed,,missing,,missing,,missing,,missing,0,"website,google_maps,facebook,tiktok"
39,Strategy First International College (2),Yangon,စမ်းချောင်းမြို့နယ်,Private College,MOE listed; official web not yet reviewed,,missing,,missing,,missing,,missing,0,"website,google_maps,facebook,tiktok"
4,STI Health Science College,Mandalay,ချမ်းမြသာစည်မြို့နယ်,Private College,MOE listed; official web not yet reviewed,https://sti.edu.mm/,verified,,missing,https://www.facebook.com/STIMU.MDY/about/,verified,,missing,2,"google_maps,tiktok"
40,Strategy First International College (3),Yangon,စမ်းချောင်းမြို့နယ်,Private College,MOE listed; official web not yet reviewed,,missing,,missing,,missing,,missing,0,"website,google_maps,facebook,tiktok"
41,Victoria Unity College (VUC),Yangon,တာမွေမြို့နယ်,Private College,MOE listed; official web not yet reviewed,,missing,,missing,,missing,,missing,0,"website,google_maps,facebook,tiktok"
42,Legacy International College,Yangon,ဒဂုံမြို့နယ်,Private College,MOE listed; official web not yet reviewed,,missing,,missing,,missing,,missing,0,"website,google_maps,facebook,tiktok"
43,Myanmar Imperial College,Yangon,ဒဂုံမြို့နယ်,Private College,MOE listed; official web not yet reviewed,,missing,,missing,,missing,,missing,0,"website,google_maps,facebook,tiktok"
44,Myanmar Creative International College (MCIC),Yangon,လမ်းမတော်မြို့နယ်,Private College,MOE listed; official web not yet reviewed,,missing,,missing,,missing,,missing,0,"website,google_maps,facebook,tiktok"
45,MST College,Yangon,ဒဂုံမြို့နယ်,Private College,MOE listed; official web not yet reviewed,,missing,,missing,,missing,,missing,0,"website,google_maps,facebook,tiktok"
46,ဂျိူးဇက်ပညာရေး ကောလိပ်,Yangon,ဒဂုံမြို့သစ်(အရှေ့ပိုင်း)မြို့နယ်,Private College,MOE listed; official web not yet reviewed,,missing,,missing,,missing,,missing,0,"website,google_maps,facebook,tiktok"
47,STI Myanmar College,Yangon,လှိုင်မြို့နယ်,Private College,MOE listed + official web verified,https://stiedu.net/,verified,,missing,https://www.facebook.com/STIMyanmarUni,unverified,,missing,1,"google_maps,tiktok"
48,KBTC College,Yangon,ဗဟန်းမြို့နယ်,Private College,MOE listed; official web not yet reviewed,,missing,,missing,,missing,,missing,0,"website,google_maps,facebook,tiktok"
49,Youth International College,Yangon,ဗဟန်းမြို့နယ်,Private College,MOE listed; official web not yet reviewed,,missing,,missing,,missing,,missing,0,"website,google_maps,facebook,tiktok"
5,ချင်းတွင်းနည်းပညာ ကောလိပ်,Mandalay,ချမ်းမြသာစည်မြို့နယ်,Private College,MOE listed; official web not yet reviewed,https://ctu.edu.mm/,verified,,missing,https://www.facebook.com/share/1DrcPTbLvR,unverified,https://www.tiktok.com/@chindwin_ctc,unverified,1,google_maps
50,DBU International College,Yangon,မင်္ဂလာတောင်ညွန့်မြို့နယ်,Private College,MOE listed; official web not yet reviewed,,missing,,missing,,missing,,missing,0,"website,google_maps,facebook,tiktok"
51,RI IT College,Yangon,မင်္ဂလာတောင်ညွန့်မြို့နယ်,Private College,MOE listed; official web not yet reviewed,,missing,,missing,,missing,,missing,0,"website,google_maps,facebook,tiktok"
52,Chindwin Technological College,Yangon,လမ်းမတော်မြို့နယ်,Private College,MOE listed; official web not yet reviewed,https://ctu.edu.mm/,verified,,missing,https://www.facebook.com/share/1DrcPTbLvR,unverified,https://www.tiktok.com/@chindwin_ctc,unverified,1,google_maps
53,Taxila College,Yangon,လမ်းမတော်မြို့နယ်,Private College,MOE listed; official web not yet reviewed,,missing,,missing,,missing,,missing,0,"website,google_maps,facebook,tiktok"
54,STI Myanmar College,Yangon,ပန်းပဲတန်းမြို့နယ်,Private College,MOE listed; partial official evidence,https://stiedu.net/,verified,,missing,https://www.facebook.com/STIMyanmarUni,unverified,,missing,1,"google_maps,tiktok"
55,MIBA College,Yangon,မရမ်းကုန်းမြို့နယ်,Private College,MOE listed; official web not yet reviewed,,missing,,missing,,missing,,missing,0,"website,google_maps,facebook,tiktok"
56,Myanmar Noble College,Yangon,သင်္ဃန်းကျွန်းမြို့နယ်,Private College,MOE listed; official web not yet reviewed,,missing,,missing,,missing,,missing,0,"website,google_maps,facebook,tiktok"
57,KMD College,Yangon,စမ်းချောင်းမြို့နယ်,Private College,MOE listed; official web not yet reviewed,,missing,,missing,,missing,,missing,0,"website,google_maps,facebook,tiktok"
58,Shin Rai International Vocational College,Yangon,ဗဟန်းမြို့နယ်,Private College,MOE listed; official web not yet reviewed,,missing,,missing,,missing,,missing,0,"website,google_maps,facebook,tiktok"
59,BIY College,Yangon,ဗဟန်းမြို့နယ်,Private College,MOE listed; official web not yet reviewed,,missing,,missing,https://www.facebook.com/BusinessInstituteYangonBIY/,needs_review,,missing,0,"website,google_maps,tiktok"
6,Strategy First International College Mandalay,Mandalay,ချမ်းမြသာစည်မြို့နယ်,Private College,MOE listed; official web not yet reviewed,https://strategyfirst.edu.mm/,verified,,missing,https://www.facebook.com/StrategyFirstInternationalCollege,unverified,,missing,1,"google_maps,tiktok"
60,AIE College,Yangon,မရမ်းကုန်းမြို့နယ်,Private College,MOE listed; official web not yet reviewed,,missing,,missing,https://www.facebook.com/aiecollegemm/,verified,https://www.tiktok.com/@aiecollege,verified,2,"website,google_maps"
61,Myanmar Management International College,Yangon,တောင်ဥက္ကလာပမြို့နယ်,Private College,MOE listed; official web not yet reviewed,,missing,,missing,,missing,,missing,0,"website,google_maps,facebook,tiktok"
62,Myanmar International Business College,Yangon,ကျောက်တံတားမြို့နယ်,Private College,MOE listed; official web not yet reviewed,,missing,,missing,,missing,,missing,0,"website,google_maps,facebook,tiktok"
63,M Hospitality & Tourrism International College,Yangon,စမ်းချောင်းမြို့နယ်,Private College,MOE listed; official web not yet reviewed,,missing,,missing,,missing,,missing,0,"website,google_maps,facebook,tiktok"
64,SMEBI International College,Yangon,တောင်ဥက္ကလာပမြို့နယ်,Private College,MOE listed; official web not yet reviewed,,missing,,missing,,missing,,missing,0,"website,google_maps,facebook,tiktok"
65,YIUS,Yangon,လှိုင်မြို့နယ်,Private College,MOE listed; official web not yet reviewed,,missing,,missing,,missing,,missing,0,"website,google_maps,facebook,tiktok"
66,Compu Tech ICT College,Yangon,လှိုင်မြို့နယ်,Private College,MOE listed; official web not yet reviewed,,missing,,missing,https://www.facebook.com/computechictcollege/,needs_review,,missing,0,"website,google_maps,tiktok"
67,PSM International College,Yangon,ဒဂုံမြို့နယ်,Private College,MOE listed; official web not yet reviewed,,missing,,missing,,missing,,missing,0,"website,google_maps,facebook,tiktok"
68,FEG College,Yangon,ကျောက်တံတားမြို့နယ်,Private College,MOE listed; official web not yet reviewed,,missing,,missing,,missing,,missing,0,"website,google_maps,facebook,tiktok"
69,Twinkle College,Yangon,စမ်းချောင်းမြို့နယ်,Private College,MOE listed; official web not yet reviewed,,missing,,missing,,missing,,missing,0,"website,google_maps,facebook,tiktok"
7,NVL College,Mandalay,ချမ်းမြသာစည်မြို့နယ်,Private College,MOE listed; official web not yet reviewed,https://www.nvl-college.com/,verified,,missing,https://www.facebook.com/nvlinstitute,unverified,,missing,1,"google_maps,tiktok"
70,Matrix College of Professionals,Yangon,စမ်းချောင်းမြို့နယ်,Private College,MOE listed; official web not yet reviewed,,missing,,missing,,missing,,missing,0,"website,google_maps,facebook,tiktok"
71,ATBC International College,Yangon,တောင်ဥက္ကလာပမြို့နယ်,Private College,MOE listed; official web not yet reviewed,https://atbc.edu.mm/,verified,,missing,https://www.facebook.com/atbcinternationalcollege2019/,verified,,missing,2,"google_maps,tiktok"
72,MYANMAR CREATIVE TECHNOLOGY COLLEGE -MCTC,Yangon,ဗိုလ်တစ်ထောင်မြို့နယ်,Private College,MOE listed; official web not yet reviewed,,missing,,missing,,missing,,missing,0,"website,google_maps,facebook,tiktok"
73,Guarantee International College,Yangon,သင်္ဃန်းကျွန်းမြို့နယ်,Private College,MOE listed; official web not yet reviewed,,missing,,missing,,missing,,missing,0,"website,google_maps,facebook,tiktok"
74,British United College,Yangon,တာမွေမြို့နယ်,Private College,MOE listed; official web not yet reviewed,https://buc.edu.mm/,verified,,missing,https://www.facebook.com/BritishUnitedCollege/,verified,https://www.tiktok.com/@britishunitedcollege,verified,3,google_maps
75,STEP-IN STEP-UP VOCATIONAL TRAINING CENTRE,Yangon,လှိုင်သာယာမြို့နယ်,Private Higher Education Centre,MOE listed; official web not yet reviewed,,missing,,missing,,missing,,missing,0,"website,google_maps,facebook,tiktok"
76,Ginojishu Student Training Centre,Yangon,လှိုင်သာယာမြို့နယ်,Private Higher Education Centre,MOE listed; official web not yet reviewed,,missing,,missing,,missing,,missing,0,"website,google_maps,facebook,tiktok"
77,Waku Waku Japanese Language Center,Yangon,ဗဟန်းမြို့နယ်,Private Higher Education Centre,MOE listed; official web not yet reviewed,,missing,,missing,,missing,,missing,0,"website,google_maps,facebook,tiktok"
78,Waku Waku Japanese Language Center,Yangon,သင်္ဃန်းကျွန်းမြို့နယ်,Private Higher Education Centre,MOE listed; official web not yet reviewed,,missing,,missing,,missing,,missing,0,"website,google_maps,facebook,tiktok"
79,Shiroi Yuki ဂျပန်စာသင်ကျောင်း,Yangon,မင်္ဂလာဒုံမြို့နယ်,Private Higher Education Centre,MOE listed; official web not yet reviewed,,missing,,missing,,missing,,missing,0,"website,google_maps,facebook,tiktok"
8,MIBA College,Mandalay,ချမ်းမြသာစည်မြို့နယ်,Private College,MOE listed; official web not yet reviewed,https://mibacollege.com/,verified,,missing,https://www.facebook.com/mandalaymiba/,verified,,missing,2,"google_maps,tiktok"
80,DAI-IPPO Japanese Language Centre,Yangon,သင်္ဃန်းကျွန်းမြို့နယ်,Private Higher Education Centre,MOE listed; official web not yet reviewed,,missing,,missing,,missing,,missing,0,"website,google_maps,facebook,tiktok"
81,U Zaw Min Aung Korean Language Teaching Center,Yangon,ခရမ်းမြို့နယ်,Private Higher Education Centre,MOE listed; official web not yet reviewed,,missing,,missing,,missing,,missing,0,"website,google_maps,facebook,tiktok"
82,U Zaw Min Aung Korean Language Teaching Center,Yangon,တာမွေမြို့နယ်,Private Higher Education Centre,MOE listed; official web not yet reviewed,,missing,,missing,,missing,,missing,0,"website,google_maps,facebook,tiktok"
83,U Zaw Min Aung Korean Language Teaching Center,Yangon,သုံးခွမြို့နယ်,Private Higher Education Centre,MOE listed; official web not yet reviewed,,missing,,missing,,missing,,missing,0,"website,google_maps,facebook,tiktok"
84,Egao Japanese Language Center,Yangon,တာမွေမြို့နယ်,Private Higher Education Centre,MOE listed; official web not yet reviewed,,missing,,missing,,missing,,missing,0,"website,google_maps,facebook,tiktok"
85,Ko Ko Ro Japanese Language School,Yangon,မင်္ဂလာတောင်ညွှန့် မြို့နယ်,Private Higher Education Centre,MOE listed; official web not yet reviewed,,missing,,missing,,missing,,missing,0,"website,google_maps,facebook,tiktok"
86,Unity Kaigo welfare Training Centre,Yangon,မင်္ဂလာ တောင်ညွှန့်မြို့နယ်,Private Higher Education Centre,MOE listed; official web not yet reviewed,,missing,,missing,,missing,,missing,0,"website,google_maps,facebook,tiktok"
87,RODEM GLOBAL Korean Language Center,Yangon,အင်းစိန်မြို့နယ်,Private Higher Education Centre,MOE listed; official web not yet reviewed,,missing,,missing,,missing,,missing,0,"website,google_maps,facebook,tiktok"
88,Yangon Amazing Grace Learning Centre,Yangon,ဒဂုံမြို့,Private Higher Education Centre,MOE listed; official web not yet reviewed,,missing,,missing,,missing,,missing,0,"website,google_maps,facebook,tiktok"
89,Centre For Professional Development,Yangon,ဒဂုံမြို့နယ်,Private Higher Education Centre,MOE listed; official web not yet reviewed,,missing,,missing,,missing,,missing,0,"website,google_maps,facebook,tiktok"
9,AU MIT MYANMAR College,Mandalay,ချမ်းမြသာစည်မြို့နယ်,Private College,MOE listed; official web not yet reviewed,https://www.aumitmyanmar.com/,verified,,missing,https://www.facebook.com/aumitmyanmarmdy/about/,verified,,missing,2,"google_maps,tiktok"
90,NELC-Xplore English Language Centre,Yangon,ဒဂုံမြို့နယ်,Private Higher Education Centre,MOE listed; official web not yet reviewed,,missing,,missing,,missing,,missing,0,"website,google_maps,facebook,tiktok"
91,Ambition Japan Group Centre (Japan),Yangon,ကြည့်မြင်တိုင်မြို့နယ်,Private Higher Education Centre,MOE listed; official web not yet reviewed,,missing,,missing,,missing,,missing,0,"website,google_maps,facebook,tiktok"
92,RAI Learning Center,Yangon,စမ်းချောင်းမြို့နယ်,Private Higher Education Centre,MOE listed; official web not yet reviewed,,missing,,missing,,missing,,missing,0,"website,google_maps,facebook,tiktok"
93,Green Tara Centre,Yangon,စမ်းချောင်းမြို့နယ်,Private Higher Education Centre,MOE listed; official web not yet reviewed,,missing,,missing,,missing,,missing,0,"website,google_maps,facebook,tiktok"
94,Shwe Yaung Lann Education Center,Yangon,စမ်းချောင်းမြို့နယ်,Private Higher Education Centre,MOE listed; official web not yet reviewed,,missing,,missing,,missing,,missing,0,"website,google_maps,facebook,tiktok"
95,AKASHI Japanese Language Centre,Yangon,စမ်းချောင်းမြို့နယ်,Private Higher Education Centre,MOE listed; official web not yet reviewed,,missing,,missing,,missing,,missing,0,"website,google_maps,facebook,tiktok"
96,TGI Japanese Language School (Centre),Yangon,ကမာရွတ်မြို့နယ်,Private Higher Education Centre,MOE listed; official web not yet reviewed,,missing,,missing,,missing,,missing,0,"website,google_maps,facebook,tiktok"
97,AMAZING Japanese Language Center,Yangon,Not parsed from MOE address,Private Higher Education Centre,MOE listed; official web not yet reviewed,,missing,,missing,,missing,,missing,0,"website,google_maps,facebook,tiktok"
98,YUMIYA JAPANESE LANGUAGE CENTER,Yangon,ကမာရွတ်မြို့နယ်,Private Higher Education Centre,MOE listed; official web not yet reviewed,,missing,,missing,,missing,,missing,0,"website,google_maps,facebook,tiktok"
99,WARRIORS INTERNATIONAL IGCSE,Yangon,တောင်ဥက္ကလာပမြို့နယ်,Private Higher Education Centre,MOE listed; official web not yet reviewed,,missing,,missing,,missing,,missing,0,"website,google_maps,facebook,tiktok"
